tag	gen	closest_id	closest_hap	closest_fit	elite_id	elite_hap	diff_closest	diff_fittest	landscape	algorithm
run-nk4-obj-3	0	H436	0.5587548336648835	H436	0	0.7	nk	1
run-nk4-obj-3	1	H048	0.7747776726006277	E043	0	0.5	nk	1
run-nk4-obj-3	2	H011	0.883170290246595	E023	0	0.2	nk	1
run-nk4-obj-3	3	H001	0.9844472003322131	E008	0	0.1	nk	1
run-nk4-obj-3	4	H000	1.0	E002	0	0.0	nk	1
