tag	gen	closest_id	closest_hap	closest_fit	elite_id	elite_hap	diff_closest	diff_fittest	landscape	algorithm
run-nk4-obj-1	0	H298	0.6357518213054124	H298	0	0.6	nk	1
run-nk4-obj-1	1	H025	0.8284474435804627	E075	0	0.3	nk	1
run-nk4-obj-1	2	H004	0.9292349291259611	E003	0	0.2	nk	1
run-nk4-obj-1	3	H004	0.9292349291259611	E002	0	0.2	nk	1
run-nk4-obj-1	4	H003	0.946330229020165	E094	0	0.2	nk	1
run-nk4-obj-1	5	H000	1.0	E050	0	0.0	nk	1
